{
  "lgb_class_weight": {
    "mean": {
      "accuracy": 0.968862531913393,
      "recall": 0.8034854771784232,
      "precision": 0.7263757138998657,
      "f1": 0.7568227023385938,
      "roc_auc": 0.9703803982667664,
      "pr_auc": 0.8627485732630291
    },
    "std": {
      "accuracy": 0.010860124425928805,
      "recall": 0.023131952053356813,
      "precision": 0.10726106655082503,
      "f1": 0.05486119391870322,
      "roc_auc": 0.002266508681278414,
      "pr_auc": 0.005568848961436851
    },
    "n_valid_folds": 5
  },
  "lgb_smote": {
    "mean": {
      "accuracy": 0.9776483047699649,
      "recall": 0.7996680497925311,
      "precision": 0.8278977000374695,
      "f1": 0.8099704171748254,
      "roc_auc": 0.9783930978655933,
      "pr_auc": 0.8820211093003948
    },
    "std": {
      "accuracy": 0.006833409316953391,
      "recall": 0.015890328491155414,
      "precision": 0.09070715699350781,
      "f1": 0.04092206092926076,
      "roc_auc": 0.001527637543107392,
      "pr_auc": 0.0038282652480991423
    },
    "n_valid_folds": 5
  }
}