{
  "us": {
    "accuracy": 1.0,
    "roc_auc": 1.0,
    "pr_auc": 1.0,
    "f1": 1.0,
    "precision": 1.0,
    "recall": 1.0,
    "confusion": [
      [
        14693,
        0
      ],
      [
        0,
        1044
      ]
    ]
  },
  "taiwan": {
    "accuracy": 0.9230205278592375,
    "roc_auc": 0.756112258953168,
    "pr_auc": 0.1883915308724088,
    "f1": 0.3225806451612903,
    "precision": 0.22522522522522523,
    "recall": 0.5681818181818182,
    "confusion": [
      [
        1234,
        86
      ],
      [
        19,
        25
      ]
    ]
  },
  "poland": {
    "accuracy": 0.7631609261605806,
    "roc_auc": 0.5967786298174778,
    "pr_auc": 0.15835263344637968,
    "f1": 0.1440466278101582,
    "precision": 0.0871975806451613,
    "recall": 0.4138755980861244,
    "confusion": [
      [
        6452,
        1811
      ],
      [
        245,
        173
      ]
    ]
  }
}