{
  "accuracy": 0.9161818322860911,
  "roc_auc": 0.9467160467811842,
  "pr_auc": 0.8191284701552694,
  "f1": 0.5347685683530679,
  "precision": 0.3956674100031857,
  "recall": 0.8247011952191236,
  "confusion": [
    [
      22379,
      1897
    ],
    [
      264,
      1242
    ]
  ]
}