{
  "accuracy": 0.9824296020479404,
  "roc_auc": 0.9770307466787981,
  "pr_auc": 0.8810972070769384,
  "f1": 0.825836216839677,
  "precision": 0.9808219178082191,
  "recall": 0.7131474103585658,
  "confusion": [
    [
      24255,
      21
    ],
    [
      432,
      1074
    ]
  ]
}