{
  "accuracy": 0.9767667364828174,
  "roc_auc": 0.9646845418895627,
  "pr_auc": 0.8111293533732289,
  "f1": 0.7835200578243585,
  "precision": 0.8596352101506741,
  "recall": 0.7197875166002656,
  "confusion": [
    [
      24099,
      177
    ],
    [
      422,
      1084
    ]
  ]
}