{
  "us": {
    "accuracy": 0.9996822774353434,
    "roc_auc": 0.9999322663358083,
    "pr_auc": 0.9951346108985737,
    "f1": 0.9976110845676063,
    "precision": 0.9952335557673975,
    "recall": 1.0,
    "confusion": [
      [
        14688,
        5
      ],
      [
        0,
        1044
      ]
    ]
  },
  "taiwan": {
    "accuracy": 0.8049853372434017,
    "roc_auc": 0.9048553719008264,
    "pr_auc": 0.30028270314598626,
    "f1": 0.2222222222222222,
    "precision": 0.12751677852348994,
    "recall": 0.8636363636363636,
    "confusion": [
      [
        1060,
        260
      ],
      [
        6,
        38
      ]
    ]
  },
  "poland": {
    "accuracy": 0.9477018776638636,
    "roc_auc": 0.697879432554299,
    "pr_auc": 0.110484879702616,
    "f1": 0.017316017316017316,
    "precision": 0.09090909090909091,
    "recall": 0.009569377990430622,
    "confusion": [
      [
        8223,
        40
      ],
      [
        414,
        4
      ]
    ]
  }
}