{
  "us": {
    "accuracy": 1.0,
    "roc_auc": 1.0,
    "pr_auc": 1.0,
    "f1": 1.0,
    "precision": 1.0,
    "recall": 1.0,
    "confusion": [
      [
        14693,
        0
      ],
      [
        0,
        1044
      ]
    ]
  },
  "taiwan": {
    "accuracy": 0.9699413489736071,
    "roc_auc": 0.9454201101928374,
    "pr_auc": 0.4703386697124596,
    "f1": 0.4675324675324675,
    "precision": 0.5454545454545454,
    "recall": 0.4090909090909091,
    "confusion": [
      [
        1305,
        15
      ],
      [
        26,
        18
      ]
    ]
  },
  "poland": {
    "accuracy": 0.9525400299504665,
    "roc_auc": 0.8101558975938741,
    "pr_auc": 0.3079532811524086,
    "f1": 0.05504587155963303,
    "precision": 0.6666666666666666,
    "recall": 0.028708133971291867,
    "confusion": [
      [
        8257,
        6
      ],
      [
        406,
        12
      ]
    ]
  }
}